Coach_ID,conference_level,avg_NBA_Prob_first_year,avg_Transfer_Prob_first_year,avg_NBA_Prob_multi_year,avg_NBA_Prob_Change_multi_year,avg_Transfer_Prob_multi_year,avg_High_Transfer_first_year,avg_High_Transfer_multi_year,avg_high_transfer_prob_change_multi_year
100_Jonas_Hayes,Other,31.070496083550914,37.33681462140992,59.58549222797927,61.13989637305699,44.04145077720207,10.966057441253264,22.279792746113987,4.66321243523316
100_Rob_Lanier,Other,31.070496083550914,17.75456919060052,21.761658031088082,9.585492227979273,27.979274611398964,51.174934725848566,51.813471502590666,8.290155440414509
101_Damon_Stoudamire,P5,78.49462365591397,25.806451612903224,7.526881720430108,17.20430107526882,47.31182795698925,,,
101_Josh_Pastner_*,P5,19.35483870967742,46.23655913978495,45.16129032258064,50.53763440860215,8.602150537634412,,,
102_Mark_Few,Other,99.21671018276761,39.425587467362924,99.74093264248705,98.70466321243524,5.181347150259067,65.79634464751958,81.60621761658031,62.17616580310881
103_Donte_Jackson,Other,82.76762402088774,44.12532637075718,20.466321243523318,34.4559585492228,14.248704663212436,75.45691906005221,6.7357512953367875,9.32642487046632
104_Bryce_Drew,Other,87.20626631853786,63.18537859007834,91.45077720207254,86.01036269430051,43.26424870466321,87.46736292428199,92.48704663212435,68.65284974093264
105_Sundance_Wicks,Other,31.070496083550914,67.1018276762402,88.08290155440415,90.15544041450777,45.07772020725388,39.425587467362924,88.3419689119171,95.59585492227978
105_Will_Ryan,Other,31.070496083550914,57.44125326370757,7.383419689119171,13.21243523316062,23.83419689119171,78.85117493472585,39.89637305699482,66.83937823834198
106_Edward_Joyner_Jr,Other,31.070496083550914,22.193211488250654,32.90155440414508,21.761658031088082,23.57512953367876,88.77284595300262,4.404145077720207,6.994818652849741
107_Tommy_Amaker,Other,31.070496083550914,17.232375979112273,47.92746113989637,56.21761658031088,17.357512953367877,76.50130548302873,59.067357512953365,82.64248704663213
108_Eran_Ganot,Other,31.070496083550914,49.60835509138381,29.533678756476682,40.932642487046635,25.647668393782386,3.0026109660574414,27.979274611398964,16.06217616580311
109_Alan_Huss,Other,86.42297650130548,57.180156657963444,79.27461139896373,81.86528497409327,6.7357512953367875,32.89817232375979,95.59585492227978,95.85492227979275
109_G.G._Smith,Other,31.070496083550914,27.154046997389038,22.66839378238342,12.435233160621761,48.96373056994819,0.5221932114882507,69.43005181347151,65.02590673575129
109_Tubby_Smith,Other,81.59268929503916,51.958224543080945,25.259067357512954,4.66321243523316,66.06217616580311,95.822454308094,80.31088082901555,73.05699481865285
110_Speedy_Claxton,Other,70.75718015665797,50.65274151436031,78.23834196891191,79.53367875647669,68.9119170984456,24.02088772845953,71.50259067357513,70.98445595854922
111_Brett_Nelson,Other,70.75718015665797,36.55352480417754,41.70984455958549,45.854922279792746,38.60103626943005,42.81984334203655,15.803108808290157,30.569948186528496
111_Dave_Paulsen,Other,74.93472584856397,13.577023498694519,7.383419689119171,21.761658031088082,11.917098445595855,5.091383812010443,43.78238341968912,53.8860103626943
112_Ron_Cottrell,Other,66.97127937336815,21.148825065274153,45.07772020725388,52.59067357512953,8.290155440414509,29.765013054830288,52.07253886010362,72.7979274611399
113_Kelvin_Sampson,Other,99.73890339425587,45.69190600522193,98.44559585492227,99.22279792746113,2.5906735751295336,98.69451697127938,96.89119170984456,97.40932642487047
113_Kelvin_Sampson,P5,38.70967741935484,34.40860215053764,66.66666666666666,91.39784946236558,91.39784946236558,,,
114_Kenneth_Blakeney,Other,64.3603133159269,32.375979112271544,74.61139896373057,79.01554404145078,26.42487046632124,63.70757180156657,47.40932642487047,63.212435233160626
115_Matt_Crenshaw,Other,66.0574412532637,58.485639686684074,17.098445595854923,21.761658031088082,42.2279792746114,28.98172323759791,5.699481865284974,21.243523316062177
116_Ryan_Looney,Other,31.070496083550914,75.71801566579634,56.21761658031088,62.43523316062176,80.05181347150258,86.94516971279373,41.19170984455959,51.554404145077726
117_Alex_Pribble,Other,31.070496083550914,98.17232375979113,7.383419689119171,21.761658031088082,7.772020725388601,69.19060052219321,0.5181347150259068,12.953367875647666
117_Zac_Claus,Other,94.25587467362925,95.822454308094,7.383419689119171,10.362694300518134,84.4559585492228,80.93994778067885,3.1088082901554404,19.94818652849741
118_Brad_Underwood_*,P5,53.76344086021505,69.89247311827957,86.02150537634408,66.66666666666666,76.34408602150538,,,
119_Dan_Muller,Other,31.070496083550914,60.835509138381205,80.82901554404145,84.4559585492228,63.212435233160626,44.12532637075718,68.9119170984456,84.19689119170984
119_Ryan_Pedon,Other,31.070496083550914,89.03394255874673,68.9119170984456,70.20725388601036,86.26943005181347,74.1514360313316,61.398963730569946,35.49222797927461
120_Carson_Cunningham,Other,84.59530026109661,88.51174934725849,7.383419689119171,21.761658031088082,94.30051813471503,72.32375979112271,9.844559585492227,27.461139896373055
120_Shane_Heirman,Other,74.93472584856397,53.78590078328982,7.383419689119171,21.761658031088082,23.316062176165804,54.308093994778076,5.181347150259067,22.020725388601036
121_Mike_Woodson,P5,94.6236559139785,45.16129032258065,37.634408602150536,21.50537634408602,25.806451612903224,,,
122_Josh_Schertz,Other,92.68929503916449,78.06788511749347,96.6321243523316,97.66839378238342,61.917098445595855,75.71801566579634,82.64248704663213,73.31606217616581
123_Rick_Pitino_*,Other,31.070496083550914,90.07832898172323,79.01554404145078,80.82901554404145,80.56994818652849,83.81201044386422,92.2279792746114,94.04145077720207
123_Tobin_Anderson,Other,31.070496083550914,80.67885117493474,7.383419689119171,21.761658031088082,51.813471502590666,66.0574412532637,23.316062176165804,18.65284974093264
124_Fran_McCaffery,P5,67.74193548387096,78.49462365591397,73.11827956989248,84.94623655913979,69.89247311827957,,,
125_T.J._Otzelberger,P5,69.89247311827957,82.79569892473117,48.38709677419355,72.04301075268818,56.98924731182795,,,
126_Mo_Williams,Other,31.070496083550914,20.887728459530024,33.67875647668394,43.78238341968912,29.274611398963728,12.010443864229766,45.07772020725388,70.72538860103627
126_Wayne_Brent,Other,31.070496083550914,6.266318537859007,25.259067357512954,11.658031088082902,24.61139896373057,16.449086161879894,56.994818652849744,82.12435233160622
127_Jordan_Mincy,Other,31.070496083550914,67.62402088772846,67.35751295336787,72.02072538860104,54.66321243523316,38.642297650130544,44.30051813471503,33.41968911917099
128_Ray_Harper,Other,70.75718015665797,43.86422976501306,27.979274611398964,40.15544041450777,47.66839378238342,41.77545691906005,10.621761658031089,28.238341968911918
129_Mark_Byington,Other,86.16187989556136,14.099216710182768,83.93782383419689,82.12435233160622,52.331606217616574,86.42297650130548,60.362694300518136,38.60103626943005
12_Eric_Musselman,P5,89.24731182795699,53.76344086021505,27.956989247311824,37.634408602150536,30.107526881720425,,,
130_Billy_Donlon,Other,31.070496083550914,4.960835509138381,25.259067357512954,37.56476683937824,76.94300518134715,10.182767624020887,25.129533678756477,13.730569948186528
130_Marvin_Menzies,Other,77.28459530026109,74.67362924281984,20.854922279792746,34.84455958549223,58.03108808290155,73.62924281984334,71.24352331606218,90.41450777202073
131_Bill_Self,P5,82.79569892473118,87.09677419354838,96.7741935483871,88.17204301075269,94.6236559139785,,,
132_Bruce_Weber,P5,9.13978494623656,24.731182795698924,52.68817204301075,78.49462365591397,23.655913978494624,,,
132_Jerome_Tang,P5,86.02150537634408,50.53763440860215,75.26881720430107,44.086021505376344,27.956989247311824,,,
133_Amir_Abdur-Rahim,Other,31.070496083550914,28.459530026109658,72.7979274611399,78.23834196891191,45.33678756476684,37.59791122715404,60.62176165803109,66.58031088082902
133_Antoine_Pettway,Other,31.070496083550914,32.637075718015666,40.932642487046635,50.77720207253886,50.77720207253886,7.83289817232376,36.26943005181347,1.5544041450777202
134_Rob_Senderoff,Other,31.070496083550914,28.720626631853786,79.79274611398964,60.362694300518136,14.766839378238341,37.85900783289817,41.45077720207254,10.362694300518134
135_John_Calipari_*,P5,93.54838709677419,73.11827956989248,30.107526881720432,29.03225806451613,59.13978494623655,,,
136_Matt_McMahon,P5,46.236559139784944,15.053763440860212,31.182795698924732,49.46236559139785,15.053763440860212,,,
136_Will_Wade,P5,55.91397849462365,19.354838709677423,95.6989247311828,98.9247311827957,51.61290322580645,,,
137_Ashley_Howard,Other,31.070496083550914,92.68929503916449,39.119170984455955,48.96373056994819,94.55958549222798,14.099216710182768,96.6321243523316,97.15025906735751
137_Fran_Dunphy,Other,31.070496083550914,77.54569190600522,20.854922279792746,34.84455958549223,96.37305699481865,30.809399477806785,98.18652849740933,98.96373056994818
138_Fran_O'Hanlon,Other,31.070496083550914,5.483028720626632,60.362694300518136,64.76683937823834,2.33160621761658,15.66579634464752,64.50777202072538,86.01036269430051
138_Mike_Jordan,Other,31.070496083550914,5.221932114882506,7.383419689119171,21.761658031088082,9.067357512953368,33.68146214099217,52.331606217616574,79.27461139896373
138_Mike_McGarvey,Other,76.63185378590079,12.27154046997389,7.383419689119171,21.761658031088082,70.72538860103627,17.232375979112273,6.994818652849741,25.38860103626943
139_Alvin_Brooks,Other,62.66318537859008,29.242819843342037,17.357512953367877,31.865284974093267,93.26424870466322,22.715404699738905,7.253886010362693,20.72538860103627
13_Bryan_Hodgson,Other,,,54.145077720207254,5.958549222797927,5.958549222797927,,37.04663212435233,4.404145077720207
13_Mike_Balado,Other,31.070496083550914,38.1201044386423,66.58031088082902,4.922279792746114,30.569948186528496,56.919060052219315,45.59585492227979,50.77720207253886
140_Nate_Champion,Other,31.070496083550914,78.59007832898173,47.66839378238342,55.181347150259064,12.953367875647666,26.89295039164491,94.04145077720207,98.18652849740933
141_Brett_Reed,Other,31.070496083550914,3.3942558746736298,7.383419689119171,21.761658031088082,4.922279792746114,30.548302872062667,70.72538860103627,76.42487046632125
142_Ritchie_McKay,Other,68.79895561357702,13.054830287206268,78.49740932642487,76.94300518134715,7.253886010362693,32.114882506527415,55.69948186528497,61.917098445595855
143_Lennie_Acuff,Other,66.97127937336815,45.95300261096606,51.813471502590666,54.40414507772021,60.880829015544045,56.39686684073107,33.67875647668394,38.34196891191709
144_Darrell_Walker,Other,31.070496083550914,83.5509138381201,59.32642487046632,63.47150259067358,87.56476683937824,53.78590078328982,23.05699481865285,3.1088082901554404
145_Dan_Monson,Other,67.88511749347258,44.90861618798956,37.56476683937824,41.968911917098445,6.994818652849741,82.50652741514361,65.02590673575129,64.24870466321244
146_Derek_Kellogg,Other,31.070496083550914,9.39947780678851,81.60621761658031,84.19689119170984,3.3678756476683938,1.8276762402088773,96.11398963730569,95.07772020725389
146_Rod_Strickland,Other,31.070496083550914,34.46475195822455,7.383419689119171,21.761658031088082,35.233160621761655,20.10443864229765,9.32642487046632,30.05181347150259
147_Griff_Aldrich,Other,31.070496083550914,35.50913838120104,44.30051813471503,44.559585492227974,44.30051813471503,6.005221932114883,49.22279792746114,57.2538860103627
148_Bob_Marlin,Other,31.070496083550914,49.34725848563969,85.49222797927462,85.75129533678756,17.616580310880828,36.29242819843342,63.730569948186535,54.66321243523316
149_Eric_Konkol,Other,31.070496083550914,16.710182767624023,87.30569948186529,89.11917098445595,12.435233160621761,4.43864229765013,66.32124352331607,16.321243523316063
149_Talvin_Hester,Other,31.070496083550914,95.30026109660574,93.00518134715026,87.56476683937824,54.145077720207254,47.78067885117493,75.38860103626943,23.83419689119171
14_Solomon_Bozeman,Other,31.070496083550914,26.631853785900784,54.92227979274611,58.80829015544041,8.549222797927461,22.45430809399478,24.352331606217618,46.1139896373057
150_Chris_Mack,P5,34.40860215053764,18.279569892473113,6.451612903225806,8.60215053763441,13.978494623655912,,,
150_Kenny_Payne,P5,45.16129032258064,16.129032258064512,8.60215053763441,19.35483870967742,1.0752688172043001,,,
151_Drew_Valentine,Other,91.64490861618799,64.75195822454309,87.8238341968912,89.37823834196891,47.40932642487047,84.33420365535248,31.865284974093267,9.585492227979273
152_Tavaras_Hardy,Other,31.070496083550914,9.138381201044385,41.19170984455959,49.48186528497409,18.393782383419687,13.315926892950392,14.248704663212436,22.53886010362694
153_Stan_Johnson,Other,73.89033942558747,7.310704960835509,87.56476683937824,89.63730569948186,82.38341968911918,29.50391644908616,55.44041450777202,7.253886010362693
154_Chris_Markwood,Other,31.070496083550914,83.81201044386422,54.66321243523316,61.917098445595855,34.715025906735754,25.326370757180154,35.49222797927461,53.626943005181346
154_Richard_Barron,Other,31.070496083550914,90.86161879895562,7.383419689119171,10.751295336787564,81.34715025906736,3.6553524804177546,1.2953367875647668,14.766839378238341
155_John_Gallagher,Other,31.070496083550914,41.253263707571804,7.383419689119171,21.761658031088082,39.637305699481864,90.33942558746736,3.8860103626943006,24.61139896373057
155_RaShawn_Stores,Other,31.070496083550914,92.16710182767625,7.383419689119171,8.290155440414509,62.69430051813472,2.219321148825065,8.031088082901555,22.279792746113987
155_Steve_Masiello,Other,31.070496083550914,1.3054830287206265,34.58549222797927,44.81865284974093,22.53886010362694,11.488250652741515,2.5906735751295336,8.549222797927461
156_John_Dunne,Other,84.33420365535248,87.72845953002611,21.502590673575128,21.761658031088082,73.31606217616581,88.51174934725849,12.953367875647666,31.34715025906736
157_Shaka_Smart,P5,36.55913978494624,76.34408602150538,91.39784946236558,95.6989247311828,67.74193548387098,,,
158_Dan_D'Antoni_II,Other,88.77284595300262,31.59268929503917,73.57512953367875,76.68393782383419,41.70984455958549,91.64490861618799,71.76165803108809,60.10362694300518
159_Jason_Crafton,Other,31.070496083550914,54.83028720626631,17.875647668393782,32.38341968911917,61.13989637305699,50.91383812010444,22.797927461139896,50.259067357512954
15_Jimmy_Allen,Other,31.070496083550914,21.93211488250653,23.316062176165804,32.90155440414508,15.803108808290157,58.22454308093995,67.35751295336787,64.76683937823834
15_Kevin_Kuwik,Other,74.93472584856397,43.08093994778068,7.383419689119171,21.761658031088082,24.352331606217618,71.01827676240208,11.139896373056994,29.015544041450774
160_Kevin_Willard,P5,22.043010752688172,41.93548387096774,88.17204301075269,69.89247311827957,45.16129032258065,,,
160_Mark_Turgeon,P5,49.46236559139785,44.08602150537635,18.27956989247312,1.0752688172043012,68.81720430107528,,,
161_Frank_Martin,Other,65.53524804177546,81.98433420365535,99.48186528497409,99.74093264248705,72.7979274611399,92.95039164490862,100.0,100.0
161_Matt_McCall,Other,,,7.383419689119171,8.290155440414509,78.75647668393782,,16.321243523316063,5.958549222797927
162_John_Aiken,Other,68.79895561357702,34.72584856396867,29.792746113989637,41.19170984455959,97.40932642487047,6.7885117493472595,39.37823834196891,42.74611398963731
162_Will_Wade,Other,31.070496083550914,65.27415143603133,71.50259067357513,76.16580310880829,24.870466321243523,24.804177545691903,48.704663212435236,1.2953367875647668
163_Anfernee_Hardaway,Other,100.0,53.00261096605744,94.30051813471503,0.7772020725388601,46.373056994818654,94.51697127937337,78.23834196891191,6.476683937823833
164_Greg_Gary,Other,31.070496083550914,45.16971279373368,20.207253886010363,13.471502590673575,51.03626943005182,94.25587467362925,20.207253886010363,19.170984455958546
166_Joe_Gallo,Other,74.93472584856397,32.114882506527415,42.2279792746114,47.92746113989637,43.78238341968912,43.08093994778068,59.84455958549223,70.46632124352331
167_Jack_Owens,Other,31.070496083550914,1.0443864229765014,65.02590673575129,69.17098445595855,88.08290155440415,19.5822454308094,65.5440414507772,38.860103626943
167_Travis_Steele,Other,31.070496083550914,62.14099216710183,89.37823834196891,90.67357512953367,85.49222797927462,67.88511749347258,72.279792746114,68.9119170984456
168_Jim_Larranaga,P5,76.34408602150538,77.41935483870968,90.32258064516128,83.87096774193549,80.64516129032258,,,
169_Tom_Izzo,P5,44.086021505376344,94.6236559139785,35.483870967741936,55.91397849462365,92.47311827956989,,,
16_Bruce_Pearl,P5,83.87096774193549,52.68817204301075,68.81720430107528,80.64516129032258,77.41935483870968,,,
170_Juwan_Howard,P5,91.39784946236558,60.215053763440864,70.96774193548387,53.76344086021505,12.903225806451612,,,
171_Nick_McDevitt,Other,85.11749347258485,32.89817232375979,81.34715025906736,82.64248704663213,80.31088082901555,64.49086161879896,74.87046632124353,83.41968911917098
172_Bart_Lundy,Other,31.070496083550914,61.35770234986945,54.40414507772021,60.880829015544045,33.93782383419689,82.24543080939948,48.18652849740933,15.544041450777202
172_Pat_Baldwin,Other,31.070496083550914,18.01566579634465,7.383419689119171,21.761658031088082,95.85492227979275,23.759791122715406,7.772020725388601,0.7772020725388601
173_Ben_Johnson,P5,60.215053763440864,31.182795698924725,36.55913978494624,45.16129032258064,40.86021505376344,,,
174_Ben_Howland,P5,9.13978494623656,83.87096774193549,65.59139784946237,18.27956989247312,61.29032258064516,,,
174_Chris_Jans,P5,65.59139784946237,5.376344086021501,23.655913978494624,6.451612903225806,19.354838709677423,,,
175_George_Ivory,Other,31.070496083550914,10.704960835509137,47.15025906735752,54.92227979274611,3.8860103626943006,37.33681462140992,4.145077720207254,21.761658031088082
175_Lindsey_Hunter_Jr,Other,31.070496083550914,10.443864229765012,7.383419689119171,4.145077720207254,1.2953367875647668,32.375979112271544,1.0362694300518136,17.357512953367877
176_Dana_Ford,Other,90.07832898172323,63.70757180156657,96.11398963730569,94.30051813471503,70.98445595854922,80.15665796344648,91.70984455958549,81.0880829015544
177_Cuonzo_Martin,P5,58.06451612903226,2.1505376344086002,84.94623655913979,93.54838709677419,11.827956989247312,,,
177_Dennis_Gates,P5,29.56989247311828,12.903225806451612,33.33333333333333,7.526881720430108,34.40860215053764,,,
178_King_Rice,Other,31.070496083550914,11.22715404699739,46.89119170984456,54.145077720207254,18.911917098445596,21.409921671018274,20.466321243523318,30.310880829015545
179_Travis_DeCuire,Other,31.070496083550914,6.7885117493472595,64.76683937823834,59.58549222797927,25.129533678756477,21.148825065274153,48.44559585492228,43.26424870466321
17_Corey_Gipson,Other,89.81723237597912,44.64751958224543,43.523316062176164,3.1088082901554404,13.471502590673575,54.83028720626631,79.79274611398964,15.803108808290157
17_Nate_James,Other,31.070496083550914,66.31853785900783,7.383419689119171,21.761658031088082,81.0880829015544,48.04177545691906,32.38341968911917,48.44559585492228
180_Danny_Sprinkle,Other,31.070496083550914,59.268929503916446,44.81865284974093,47.66839378238342,72.02072538860104,56.6579634464752,78.75647668393782,69.17098445595855
180_Matt_Logie,Other,31.070496083550914,85.90078328981723,60.880829015544045,66.83937823834198,32.38341968911917,96.08355091383812,40.15544041450777,66.32124352331607
181_Preston_Spradlin,Other,97.911227154047,49.869451697127936,67.09844559585493,72.279792746114,64.24870466321244,74.67362924281984,81.86528497409327,82.90155440414507
182_Kevin_Broadus,Other,31.070496083550914,24.54308093994778,29.015544041450774,37.82383419689119,74.09326424870466,16.710182767624023,22.020725388601036,42.2279792746114
183_Dan_Engelstad,Other,67.62402088772846,72.84595300261097,16.321243523316063,31.34715025906736,94.81865284974094,84.85639686684074,54.40414507772021,69.94818652849742
184_Matt_McMahon,Other,,,89.63730569948186,90.41450777202073,11.658031088082902,,84.19689119170984,67.61658031088082
184_Steve_Prohm,Other,31.070496083550914,68.40731070496084,45.854922279792746,50.51813471502591,55.44041450777202,61.61879895561357,84.4559585492228,62.69430051813472
185_Kevin_Keatts,P5,63.44086021505376,54.83870967741935,63.44086021505376,73.11827956989248,53.76344086021505,,,
186_Brian_Kennedy,Other,73.89033942558747,39.1644908616188,31.865284974093267,21.761658031088082,35.751295336787564,10.443864229765012,12.176165803108809,27.979274611398964
186_Grant_Billmeier,Other,31.070496083550914,12.532637075718014,7.383419689119171,21.761658031088082,20.466321243523318,71.80156657963447,4.922279792746114,23.05699481865285
187_Ed_DeChellis,Other,72.19321148825065,1.8276762402088773,45.33678756476684,53.10880829015544,1.0362694300518136,18.27676240208877,40.41450777202073,65.80310880829016
188_Fred_Hoiberg,P5,70.96774193548387,48.38709677419355,29.03225806451613,41.935483870967744,32.25806451612904,,,
189_Steve_Alford,Other,83.5509138381201,93.21148825065274,82.90155440414507,84.71502590673575,92.2279792746114,91.90600522193212,86.52849740932642,75.90673575129534
18_Mark_Pope,Other,85.6396866840731,16.971279373368144,77.97927461139896,0.2590673575129534,56.21761658031088,98.43342036553526,99.74093264248705,98.70466321243524
18_Mark_Pope,P5,9.13978494623656,11.827956989247312,32.25806451612903,48.38709677419355,52.68817204301075,,,
190_Bill_Herrion,Other,90.33942558746736,7.83289817232376,7.383419689119171,11.398963730569948,12.694300518134716,75.97911227154047,34.715025906735754,39.37823834196891
190_Nathan_Davis,Other,31.070496083550914,68.66840731070496,52.84974093264248,14.507772020725387,19.689119170984455,57.702349869451695,55.181347150259064,45.33678756476684
191_Richard_Pitino,Other,93.99477806788512,97.911227154047,87.04663212435233,82.38341968911918,84.71502590673575,96.34464751958225,58.549222797927456,2.849740932642487
192_Chris_Jans,Other,31.070496083550914,73.62924281984334,97.66839378238342,97.40932642487047,86.78756476683938,39.1644908616188,89.89637305699482,91.70984455958549
192_Greg_Heiar,Other,81.59268929503916,80.15665796344648,7.383419689119171,2.849740932642487,13.21243523316062,97.65013054830287,95.33678756476684,98.44559585492227
192_Jason_Hooten,Other,31.070496083550914,31.33159268929504,25.259067357512954,1.8134715025906734,72.279792746114,57.180156657963444,8.290155440414509,7.772020725388601
193_Mark_Slessinger,Other,31.070496083550914,4.177545691906006,19.170984455958546,33.93782383419689,15.284974093264248,5.7441253263707575,21.761658031088082,26.42487046632124
194_Greg_Paulus,Other,31.070496083550914,98.69451697127938,53.36787564766839,60.10362694300518,81.60621761658031,68.9295039164491,70.98445595854922,88.3419689119171
195_Austin_Claunch,Other,31.070496083550914,55.87467362924282,30.569948186528496,32.64248704663213,30.05181347150259,45.69190600522193,49.48186528497409,46.89119170984456
195_Tevon_Saddler,Other,31.070496083550914,14.360313315926893,23.05699481865285,14.248704663212436,23.05699481865285,97.911227154047,70.20725388601036,86.26943005181347
196_Robert_Jones,Other,31.070496083550914,43.34203655352481,52.331606217616574,55.95854922279793,6.476683937823833,27.676240208877285,32.12435233160622,44.559585492227974
197_Tony_Pujol,Other,31.070496083550914,91.90600522193212,15.155440414507773,21.761658031088082,78.49740932642487,57.44125326370757,19.170984455958546,29.274611398963728
198_Monte_Ross,Other,31.070496083550914,84.59530026109661,7.383419689119171,21.761658031088082,2.072538860103627,43.86422976501306,0.7772020725388601,17.875647668393782
198_Phillip_Shumpert,Other,31.070496083550914,97.12793733681463,27.33160621761658,39.37823834196891,65.5440414507772,29.242819843342037,67.09844559585493,85.23316062176166
198_Willie_Jones,Other,31.070496083550914,98.9556135770235,7.383419689119171,3.6269430051813467,71.50259067357513,46.73629242819843,4.66321243523316,23.316062176165804
199_LeVelle_Moton,Other,70.75718015665797,8.87728459530026,18.911917098445596,29.792746113989637,7.512953367875648,63.44647519582245,34.196891191709845,33.160621761658035
19_James_Whitford,Other,91.12271540469973,42.81984334203655,7.383419689119171,21.761658031088082,32.90155440414508,66.57963446475196,20.984455958549223,40.41450777202073
19_Michael_Lewis,Other,70.75718015665797,73.36814621409921,88.60103626943005,89.89637305699482,75.64766839378238,52.74151436031331,99.22279792746113,99.48186528497409
1_Brette_Tanner,Other,31.070496083550914,79.37336814621409,55.95854922279793,29.533678756476682,66.58031088082902,39.686684073107045,51.03626943005182,49.48186528497409
200_Hubert_Davis,P5,87.09677419354838,40.86021505376344,87.09677419354838,70.96774193548387,82.79569892473117,,,
201_Paul_Sather,Other,65.0130548302872,97.65013054830287,22.66839378238342,36.65803108808291,64.76683937823834,49.08616187989556,62.69430051813472,80.31088082901555
202_David_Richman,Other,31.070496083550914,21.409921671018274,63.98963730569949,66.06217616580311,85.75129533678756,9.39947780678851,92.74611398963731,83.67875647668393
203_Matthew_Driscoll,Other,31.070496083550914,70.75718015665797,61.398963730569946,67.87564766839378,26.683937823834196,44.90861618798956,46.89119170984456,59.32642487046632
204_Grant_McCasland,Other,94.51697127937337,22.715404699738905,76.16580310880829,73.05699481865285,28.238341968911918,84.07310704960835,93.00518134715026,86.52849740932642
204_Ross_Hodge,Other,97.12793733681463,27.93733681462141,64.50777202072538,67.09844559585493,32.12435233160622,99.47780678851174,94.81865284974094,96.89119170984456
205_Bill_Coen,Other,31.070496083550914,5.7441253263707575,28.756476683937827,7.253886010362693,39.37823834196891,6.266318537859007,33.93782383419689,45.59585492227979
206_Shane_Burcar,Other,31.070496083550914,46.99738903394256,30.05181347150259,21.761658031088082,82.12435233160622,2.610966057441253,62.17616580310881,83.16062176165802
207_Steve_Smiley,Other,31.070496083550914,65.0130548302872,89.11917098445595,85.23316062176166,47.15025906735752,78.06788511749347,77.2020725388601,77.46113989637306
208_Rashon_Burno,Other,79.63446475195822,81.72323759791122,49.740932642487046,54.66321243523316,96.6321243523316,61.35770234986945,87.8238341968912,91.45077720207254
209_Ben_Jacobson,Other,82.24543080939948,4.699738903394255,86.26943005181347,86.26943005181347,19.94818652849741,75.19582245430809,83.41968911917098,67.35751295336787
20_Scott_Drew,P5,98.9247311827957,96.7741935483871,50.53763440860215,61.29032258064516,79.56989247311827,,,
210_Darrin_Horn,Other,31.070496083550914,51.174934725848566,16.580310880829018,13.730569948186528,38.082901554404145,79.89556135770235,66.83937823834198,16.580310880829018
211_Corey_Gipson,Other,31.070496083550914,44.38642297650131,69.68911917098445,74.61139896373057,38.860103626943,39.947780678851174,68.13471502590673,88.86010362694302
211_Mike_McConathy,Other,31.070496083550914,41.514360313315926,7.383419689119171,21.761658031088082,49.740932642487046,14.360313315926893,53.36787564766839,80.05181347150258
211_Rick_Cabrera,Other,68.79895561357702,60.052219321148826,7.383419689119171,21.761658031088082,57.77202072538861,56.13577023498695,6.476683937823833,25.906735751295333
212_Chris_Collins,P5,25.268817204301076,70.96774193548387,44.086021505376344,43.01075268817204,63.44086021505376,,,
213_Micah_Shrewsberry,P5,59.13978494623656,88.17204301075269,40.86021505376344,75.26881720430107,73.11827956989248,,,
213_Mike_Brey,P5,90.32258064516128,72.04301075268818,43.01075268817204,40.86021505376344,75.26881720430107,,,
214_Greg_Kampe,Other,68.79895561357702,24.804177545691903,63.212435233160626,65.02590673575129,15.025906735751295,41.253263707571804,56.476683937823836,62.95336787564767
215_Jeff_Boals,Other,31.070496083550914,66.57963446475196,89.89637305699482,90.93264248704664,60.362694300518136,42.55874673629243,75.90673575129534,71.76165803108809
216_Chris_Holtmann,P5,92.47311827956989,81.72043010752688,47.31182795698925,26.881720430107524,65.59139784946237,,,
217_Porter_Moser,P5,52.68817204301075,38.70967741935484,21.50537634408602,23.655913978494624,24.731182795698924,,,
218_Michael_Boynton,P5,79.56989247311827,62.365591397849464,15.053763440860216,10.75268817204301,35.483870967741936,,,
219_Jeff_Jones,Other,62.14099216710183,2.088772845953003,71.76165803108809,60.62176165803109,79.79274611398964,58.7467362924282,47.66839378238342,27.202072538860104
21_Scott_Davenport,Other,31.070496083550914,40.469973890339425,23.57512953367876,30.05181347150259,46.1139896373057,67.62402088772846,46.1139896373057,58.03108808290155
220_Chris_Beard,P5,9.13978494623656,74.19354838709677,24.731182795698924,5.376344086021505,81.72043010752688,,,
220_Kermit_Davis_Jr,P5,50.53763440860215,4.3010752688172005,20.43010752688172,27.956989247311824,10.752688172043012,,,
221_Chris_Crutchfield,Other,31.070496083550914,48.56396866840731,71.24352331606218,76.42487046632125,39.89637305699482,33.15926892950392,59.32642487046632,68.39378238341969
221_Derrin_Hansen,Other,31.070496083550914,49.08616187989556,7.383419689119171,21.761658031088082,1.5544041450777202,90.60052219321149,2.072538860103627,19.4300518134715
222_Paul_Mills,Other,31.070496083550914,24.02088772845953,76.94300518134715,78.49740932642487,43.005181347150256,9.660574412532636,44.559585492227974,26.165803108808287
222_Russell_Springmann,Other,31.070496083550914,60.313315926892955,34.97409326424871,39.37823834196891,10.103626943005182,88.25065274151436,30.05181347150259,48.96373056994819
225_Leonard_Perry,Other,31.070496083550914,27.676240208877285,18.65284974093264,12.694300518134716,84.97409326424871,8.87728459530026,13.471502590673575,20.466321243523318
226_Micah_Shrewsberry,P5,22.043010752688172,26.881720430107524,74.19354838709677,87.09677419354838,55.91397849462365,,,
226_Mike_Rhoades,P5,9.13978494623656,64.51612903225806,12.903225806451612,30.107526881720432,58.06451612903225,,,
227_Steve_Donahue,Other,31.070496083550914,42.297650130548305,44.04145077720207,52.84974093264248,50.259067357512954,74.41253263707573,47.92746113989637,56.476683937823836
228_Lorenzo_Romar,Other,97.38903394255874,62.66318537859008,92.74611398963731,95.07772020725389,44.559585492227974,86.16187989556136,74.61139896373057,81.86528497409327
229_Jeff_Capel_III_*,P5,81.72043010752688,49.46236559139785,58.06451612903226,58.06451612903226,37.634408602150536,,,
22_Casey_Alexander,Other,96.60574412532638,72.0626631853786,93.26424870466322,94.81865284974094,65.80310880829016,97.12793733681463,89.63730569948186,84.71502590673575
230_Shantay_Legans,Other,31.070496083550914,56.6579634464752,62.43523316062176,45.07772020725388,77.97927461139896,82.76762402088774,64.76683937823834,36.787564766839374
231_Jase_Coburn,Other,31.070496083550914,86.16187989556136,49.48186528497409,57.51295336787565,59.58549222797927,57.96344647519582,12.694300518134716,22.797927461139896
232_Byron_Smith,Other,31.070496083550914,6.527415143603134,19.689119170984455,30.310880829015545,40.15544041450777,15.404699738903393,10.880829015544041,18.911917098445596
233_Quinton_Ferrell,Other,31.070496083550914,96.34464751958225,31.088082901554404,31.606217616580313,76.16580310880829,72.0626631853786,46.373056994818654,32.64248704663213
234_Mitch_Henderson,Other,31.070496083550914,28.198433420365536,84.97409326424871,86.52849740932642,10.621761658031089,18.5378590078329,91.19170984455958,94.81865284974094
235_Ed_Cooley,P5,9.13978494623656,79.56989247311827,69.89247311827957,86.02150537634408,83.87096774193549,,,
235_Kim_English,P5,9.13978494623656,37.634408602150536,98.9247311827957,39.784946236559136,86.02150537634408,,,
236_Matt_Painter,P5,73.11827956989248,89.24731182795699,62.365591397849464,60.215053763440864,93.5483870967742,,,
237_Jon_Coffman,Other,31.070496083550914,15.143603133159269,80.31088082901555,83.16062176165802,16.321243523316063,78.59007832898173,45.33678756476684,12.435233160621761
238_Baker_Dunleavy,Other,31.070496083550914,39.947780678851174,18.393782383419687,33.160621761658035,84.19689119170984,60.052219321148826,27.461139896373055,43.523316062176164
238_Tom_Pecora,Other,31.070496083550914,84.07310704960835,76.68393782383419,80.56994818652849,37.04663212435233,11.488250652741515,42.487046632124354,55.181347150259064
239_Darris_Nichols,Other,31.070496083550914,33.94255874673629,7.383419689119171,21.761658031088082,88.3419689119171,20.626631853785902,6.217616580310881,12.176165803108809
23_Reggie_Theus,Other,71.80156657963447,55.35248041775457,7.383419689119171,21.761658031088082,20.72538860103627,80.4177545691906,14.766839378238341,11.398963730569948
240_Archie_Miller,Other,66.97127937336815,96.8668407310705,53.8860103626943,58.2901554404145,93.00518134715026,86.68407310704961,81.0880829015544,76.68393782383419
240_David_Cox,Other,31.070496083550914,52.48041775456919,48.44559585492228,56.73575129533679,86.52849740932642,25.06527415143603,93.52331606217616,84.97409326424871
241_Scott_Pera,Other,66.97127937336815,51.697127937336816,67.87564766839378,10.103626943005182,75.12953367875647,81.98433420365535,76.68393782383419,75.38860103626943
242_Chris_Mooney,Other,31.070496083550914,19.06005221932115,80.05181347150258,73.83419689119171,22.279792746113987,30.287206266318538,57.51295336787565,36.01036269430052
243_Kevin_Baggett,Other,31.070496083550914,25.06527415143603,59.067357512953365,64.24870466321244,26.94300518134715,26.109660574412537,31.34715025906736,8.031088082901555
244_Andrew_Toole,Other,31.070496083550914,7.049608355091384,66.06217616580311,68.13471502590673,59.067357512953365,26.631853785900784,69.17098445595855,70.20725388601036
245_Steve_Pikiell,P5,25.268817204301076,32.25806451612904,53.76344086021505,54.83870967741935,29.032258064516125,,,
246_David_Kiefer,Other,89.55613577023499,59.00783289817232,47.40932642487047,53.36787564766839,77.46113989637306,48.825065274151434,50.77720207253886,61.13989637305699
247_Brian_Barone,Other,75.71801566579634,80.4177545691906,35.49222797927461,7.512953367875648,63.47150259067358,90.07832898172323,42.74611398963731,17.098445595854923
248_Rob_Lanier,Other,31.070496083550914,25.326370757180154,55.69948186528497,46.373056994818654,81.86528497409327,98.17232375979113,77.97927461139896,79.01554404145078
248_Tim_Jankovich,Other,31.070496083550914,89.81723237597912,94.04145077720207,95.59585492227978,85.23316062176166,37.0757180156658,97.66839378238342,85.75129533678756
249_Brandon_Laird,Other,31.070496083550914,1.5665796344647518,70.46632124352331,74.87046632124353,57.51295336787565,31.853785900783286,8.549222797927461,13.21243523316062
249_David_Patrick,Other,74.93472584856397,36.29242819843342,26.165803108808287,38.082901554404145,55.95854922279793,4.177545691906006,43.523316062176164,48.18652849740933
24_Levell_Sanders,Other,31.070496083550914,81.4621409921671,33.160621761658035,42.74611398963731,66.32124352331607,31.33159268929504,29.015544041450774,43.78238341968912
250_Anthony_Latina,Other,93.21148825065274,12.793733681462141,24.352331606217618,21.761658031088082,75.90673575129534,74.93472584856397,33.160621761658035,39.119170984455955
251_Billy_Lange,Other,92.42819843342036,0.5221932114882507,70.20725388601036,67.61658031088082,0.5181347150259068,89.03394255874673,76.16580310880829,45.07772020725388
252_Travis_Ford,Other,92.16710182767625,60.574412532637076,58.2901554404145,6.476683937823833,49.22279792746114,70.75718015665797,23.57512953367876,6.7357512953367875
253_Randy_Bennett,Other,31.070496083550914,26.109660574412537,97.40932642487047,96.37305699481865,3.1088082901554404,69.9738903394256,86.78756476683938,78.49740932642487
254_Bashir_Mason,Other,31.070496083550914,72.32375979112271,43.005181347150256,51.813471502590666,75.38860103626943,23.237597911227155,28.756476683937827,55.95854922279793
254_Shaheen_Holloway,Other,31.070496083550914,30.287206266318538,7.383419689119171,8.808290155440414,38.34196891191709,5.091383812010443,69.68911917098445,72.53886010362694
255_Chris_Mudge,Other,31.070496083550914,94.25587467362925,70.98445595854922,75.90673575129534,67.09844559585493,43.60313315926893,97.15025906735751,96.6321243523316
255_Jason_Hooten,Other,70.75718015665797,35.24804177545692,70.72538860103627,70.98445595854922,10.880829015544041,68.66840731070496,29.274611398963728,37.56476683937824
256_Bucky_McMillan,Other,78.06788511749347,54.04699738903395,57.77202072538861,63.730569948186535,65.28497409326425,42.297650130548305,69.94818652849742,57.77202072538861
257_Brian_Dutcher,Other,95.03916449086162,69.19060052219321,82.64248704663213,80.31088082901555,30.82901554404145,89.55613577023499,74.09326424870466,40.932642487046635
258_Sam_Scholl,Other,31.070496083550914,54.56919060052219,23.963730569948186,37.17616580310881,98.44559585492227,52.219321148825074,76.94300518134715,78.75647668393782
258_Steve_Lavin,Other,85.37859007832898,71.01827676240208,56.994818652849744,3.8860103626943006,72.53886010362694,93.73368146214099,26.165803108808287,35.751295336787564
259_Chris_Gerlufsen,Other,93.73368146214099,19.843342036553523,94.81865284974094,96.11398963730569,69.17098445595855,80.67885117493474,85.75129533678756,74.61139896373057
259_Todd_Golden,Other,31.070496083550914,36.0313315926893,95.33678756476684,96.6321243523316,73.57512953367875,18.01566579634465,35.233160621761655,2.072538860103627
25_Leon_Rice,Other,68.79895561357702,37.0757180156658,97.92746113989638,98.44559585492227,11.398963730569948,91.38381201044386,82.38341968911918,51.29533678756477
260_Tim_Miles,Other,31.070496083550914,87.20626631853786,72.53886010362694,77.720207253886,97.92746113989638,20.887728459530024,93.26424870466322,96.11398963730569
261_Herb_Sendek,Other,81.98433420365535,80.93994778067885,98.70466321243524,99.48186528497409,53.10880829015544,85.37859007832898,88.60103626943005,88.60103626943005
262_Chris_Victor,Other,68.79895561357702,55.61357702349869,58.03108808290155,59.067357512953365,58.2901554404145,54.56919060052219,75.12953367875647,60.880829015544045
263_Kevin_Willard,P5,9.13978494623656,98.9247311827957,11.827956989247312,4.301075268817205,88.17204301075269,,,
263_Shaheen_Holloway,P5,47.31182795698925,75.26881720430107,72.04301075268818,89.24731182795699,70.96774193548387,,,
264_Carmen_Maciariello,Other,31.070496083550914,63.9686684073107,26.94300518134715,35.62176165803109,91.45077720207254,15.143603133159269,42.2279792746114,59.84455958549223
265_Richie_Riley,Other,94.7780678851175,93.47258485639686,83.16062176165802,84.97409326424871,67.35751295336787,93.47258485639686,14.507772020725387,2.33160621761658
266_Frank_Martin,P5,72.04301075268818,39.784946236559136,13.978494623655912,31.182795698924732,38.70967741935484,,,
266_Lamont_Paris,P5,77.41935483870968,27.956989247311824,10.75268817204301,25.806451612903224,22.580645161290324,,,
267_Erik_Martin,Other,31.070496083550914,29.765013054830288,7.383419689119171,21.761658031088082,31.865284974093267,26.370757180156655,1.8134715025906734,15.284974093264248
267_Tony_Madlock,Other,31.070496083550914,34.20365535248042,7.383419689119171,21.761658031088082,6.217616580310881,36.0313315926893,1.5544041450777202,19.689119170984455
268_Dave_Dickerson,Other,31.070496083550914,58.7467362924282,7.383419689119171,21.761658031088082,76.42487046632125,83.28981723237598,45.854922279792746,59.067357512953365
269_Eric_Peterson,Other,31.070496083550914,31.853785900783286,7.383419689119171,4.404145077720207,49.48186528497409,83.02872062663185,44.81865284974093,4.922279792746114
269_Todd_Lee,Other,31.070496083550914,78.3289817232376,60.62176165803109,66.58031088082902,62.95336787564767,0.5221932114882507,73.31606217616581,89.63730569948186
26_Earl_Grant,P5,51.61290322580645,6.451612903225811,46.236559139784944,63.44086021505376,18.279569892473113,,,
270_Eric_Henderson,Other,31.070496083550914,84.85639686684074,83.67875647668393,85.49222797927462,55.69948186528497,48.30287206266319,87.56476683937824,86.78756476683938
271_Amir_Abdur-Rahim,Other,31.070496083550914,38.38120104438642,73.31606217616581,1.2953367875647668,13.989637305699482,19.843342036553523,98.70466321243524,91.96891191709845
271_Brian_Gregory,Other,31.070496083550914,94.51697127937337,22.279792746113987,36.26943005181347,99.48186528497409,47.25848563968668,61.6580310880829,79.79274611398964
272_Brad_Korn,Other,31.070496083550914,76.2402088772846,7.383419689119171,21.761658031088082,88.60103626943005,3.91644908616188,37.82383419689119,66.06217616580311
273_Bryan_Mullins,Other,31.070496083550914,82.76762402088774,73.05699481865285,72.53886010362694,70.46632124352331,27.93733681462141,83.67875647668393,74.87046632124353
274_Kevin_Johnson,Other,31.070496083550914,19.5822454308094,7.383419689119171,21.761658031088082,13.730569948186528,14.75195822454308,18.393782383419687,46.63212435233161
274_Sean_Woods,Other,31.070496083550914,25.587467362924283,17.616580310880828,21.761658031088082,20.207253886010363,7.310704960835509,19.4300518134715,24.093264248704664
275_Jay_Ladner,Other,31.070496083550914,31.070496083550914,92.48704663212435,93.26424870466322,46.63212435233161,30.026109660574413,58.2901554404145,44.81865284974093
276_Rob_Jeter,Other,31.070496083550914,95.03916449086162,50.259067357512954,57.77202072538861,41.968911917098445,36.55352480417754,82.12435233160622,93.52331606217616
276_Todd_Simon,Other,95.56135770234987,90.60052219321149,69.94818652849742,74.09326424870466,66.83937823834198,93.99477806788512,31.088082901554404,24.870466321243523
277_Mark_Schmidt,Other,76.63185378590079,51.43603133159269,61.13989637305699,59.32642487046632,50.0,51.697127937336816,91.96891191709845,68.13471502590673
278_Rob_Krimmel,Other,75.97911227154047,37.85900783289817,58.549222797927456,63.98963730569949,58.549222797927456,78.3289817232376,29.533678756476682,31.606217616580313
279_Mike_Anderson_Sr,P5,43.01075268817204,29.032258064516125,55.91397849462365,16.129032258064516,41.93548387096774,,,
279_Rick_Pitino_*,P5,26.881720430107524,59.13978494623655,78.49462365591397,77.41935483870968,64.51612903225806,,,
27_Joe_Jones,Other,31.070496083550914,4.43864229765013,61.6580310880829,68.39378238341969,4.145077720207254,13.577023498694519,19.94818652849741,16.83937823834197
280_John_Tauer,Other,79.37336814621409,52.219321148825074,18.134715025906736,21.761658031088082,36.787564766839374,92.68929503916449,36.52849740932643,51.813471502590666
282_Kyle_Keller_*,Other,77.80678851174935,21.671018276762403,68.13471502590673,29.015544041450774,42.487046632124354,50.65274151436031,20.72538860103627,13.989637305699482
283_Donnie_Jones_*,Other,31.070496083550914,59.530026109660575,15.155440414507773,30.569948186528496,77.720207253886,8.093994778067886,51.554404145077726,37.04663212435233
284_Chris_Kraus,Other,80.54830287206266,62.92428198433421,7.383419689119171,21.761658031088082,33.67875647668394,49.34725848563969,10.362694300518134,29.533678756476682
285_Geno_Ford,Other,66.31853785900783,87.46736292428199,50.51813471502591,52.07253886010362,41.19170984455959,64.75195822454309,63.212435233160626,77.2020725388601
286_Adrian_Autry,P5,9.13978494623656,91.39784946236558,26.881720430107524,52.68817204301075,21.505376344086024,,,
286_Jim_Boeheim_*,P5,39.784946236559136,93.5483870967742,64.51612903225806,76.34408602150538,44.08602150537635,,,
287_Jamie_Dixon,P5,9.13978494623656,95.6989247311828,56.98924731182796,47.31182795698925,46.23655913978495,,,
288_Billy_Gillispie,Other,62.40208877284596,86.42297650130548,68.65284974093264,65.5440414507772,80.82901554404145,55.87467362924282,64.24870466321244,69.68911917098445
289_Aaron_McKie,Other,31.070496083550914,69.71279373368147,37.30569948186528,32.12435233160622,98.96373056994818,73.10704960835508,95.07772020725389,96.37305699481865
289_Adam_Fisher,Other,31.070496083550914,85.37859007832898,53.10880829015544,59.84455958549223,45.59585492227979,44.38642297650131,58.03108808290155,65.28497409326425
28_Michael_Huger,Other,76.63185378590079,56.919060052219315,52.07253886010362,55.69948186528497,71.24352331606218,38.38120104438642,23.83419689119171,24.352331606217618
28_Todd_Simon,Other,90.60052219321149,96.08355091383812,86.01036269430051,88.3419689119171,34.196891191709845,98.9556135770235,70.46632124352331,82.38341968911918
290_Brian_Collins,Other,31.070496083550914,28.98172323759791,33.93782383419689,42.487046632124354,55.181347150259064,85.6396866840731,16.83937823834197,11.917098445595855
291_John_Pelphrey,Other,31.070496083550914,65.53524804177546,65.80310880829016,71.24352331606218,68.13471502590673,60.835509138381205,15.284974093264248,15.025906735751295
292_Rick_Barnes,P5,88.17204301075269,22.580645161290324,77.41935483870968,74.19354838709677,74.19354838709677,,,
293_Buzz_Williams,P5,33.33333333333333,55.91397849462365,54.83870967741935,38.70967741935484,43.01075268817204,,,
294_Jim_Shaw,Other,31.070496083550914,85.6396866840731,41.45077720207254,51.03626943005182,20.984455958549223,40.469973890339425,51.29533678756477,76.94300518134715
294_Steve_Lutz,Other,82.50652741514361,54.308093994778076,51.03626943005182,52.331606217616574,58.80829015544041,40.992167101827675,57.77202072538861,80.56994818652849
295_Chris_Beard,P5,84.94623655913979,67.74193548387098,82.79569892473118,51.61290322580645,89.24731182795699,,,
295_Rodney_Terry,P5,9.13978494623656,56.98924731182795,49.46236559139785,62.365591397849464,84.94623655913979,,,
296_Johnny_Jones,Other,31.070496083550914,23.759791122715406,15.67357512953368,21.761658031088082,11.139896373056994,72.58485639686684,11.917098445595855,14.507772020725387
297_Terrence_Johnson,Other,31.070496083550914,42.55874673629243,76.42487046632125,77.2020725388601,68.39378238341969,47.51958224543081,67.61658031088082,56.21761658031088
298_Grant_McCasland,P5,9.13978494623656,3.2258064516129004,38.70967741935484,68.81720430107528,26.881720430107524,,,
298_Mark_Adams,P5,22.043010752688172,23.655913978494624,83.87096774193549,79.56989247311827,17.204301075268813,,,
299_Duggar_Baucom,Other,87.59791122715404,64.49086161879896,69.17098445595855,69.43005181347151,59.32642487046632,31.070496083550914,38.860103626943,26.94300518134715
299_Ed_Conroy,Other,31.070496083550914,47.78067885117493,24.61139896373057,33.41968911917099,56.476683937823836,1.0443864229765014,65.80310880829016,87.30569948186529
29_Brian_Wardle,Other,93.47258485639686,63.44647519582245,94.55958549222798,93.52331606217616,28.756476683937827,89.81723237597912,91.45077720207254,87.56476683937824
2_Joe_Scott,Other,96.34464751958225,68.9295039164491,53.626943005181346,2.33160621761658,95.59585492227978,70.23498694516971,82.90155440414507,90.67357512953367
300_Tod_Kowalczyk,Other,79.89556135770235,20.626631853785902,99.22279792746113,98.96373056994818,24.093264248704664,70.49608355091384,97.92746113989638,92.74611398963731
301_Pat_Skerry,Other,31.070496083550914,13.315926892950392,74.87046632124353,71.50259067357513,4.404145077720207,62.14099216710183,72.02072538860104,47.92746113989637
302_Scott_Cross,Other,77.54569190600522,72.58485639686684,90.15544041450777,91.19170984455958,64.50777202072538,58.485639686684074,63.47150259067358,58.549222797927456
303_Ron_Hunter,Other,31.070496083550914,53.26370757180157,86.78756476683938,77.46113989637306,98.70466321243524,31.59268929503917,83.93782383419689,52.84974093264248
304_Eric_Konkol,Other,69.71279373368147,86.68407310704961,59.84455958549223,5.699481865284974,56.994818652849744,79.63446475195822,12.435233160621761,5.699481865284974
304_Frank_Haith_*,Other,31.070496083550914,100.0,93.52331606217616,95.85492227979275,99.74093264248705,17.4934725848564,13.989637305699482,13.471502590673575
305_Andy_Kennedy,Other,98.9556135770235,3.6553524804177546,55.181347150259064,1.0362694300518136,33.41968911917099,91.12271540469973,40.932642487046635,2.5906735751295336
306_Dwayne_Killings,Other,31.070496083550914,50.391644908616186,16.83937823834197,21.761658031088082,29.792746113989637,51.958224543080945,54.92227979274611,75.12953367875647
307_Jim_Les,Other,31.070496083550914,12.010443864229766,77.2020725388601,69.68911917098445,18.134715025906736,3.0026109660574414,50.0,39.637305699481864
308_Russ_Turner,Other,76.63185378590079,17.4934725848564,26.683937823834196,9.844559585492227,4.66321243523316,40.73107049608355,44.04145077720207,52.59067357512953
309_Mike_Magpayo,Other,31.070496083550914,79.89556135770235,38.60103626943005,48.18652849740933,60.10362694300518,81.4621409921671,38.34196891191709,48.704663212435236
30_Mike_Martin,Other,65.0130548302872,11.74934725848564,55.44041450777202,62.17616580310881,32.64248704663213,13.838120104438643,48.96373056994819,73.83419689119171
310_Eric_Olen,Other,96.8668407310705,77.80678851174935,32.64248704663213,31.088082901554404,73.83419689119171,89.29503916449086,53.626943005181346,45.854922279792746
311_Joe_Pasternack,Other,31.070496083550914,68.1462140992167,92.2279792746114,94.04145077720207,22.797927461139896,55.61357702349869,58.80829015544041,51.03626943005182
312_Johnny_Dawkins_Jr,Other,99.47780678851174,97.38903394255874,91.70984455958549,93.00518134715026,87.04663212435233,96.8668407310705,80.82901554404145,11.139896373056994
312_Johnny_Dawkins_Jr,P5,9.13978494623656,13.978494623655912,22.58064516129032,46.236559139784944,31.182795698924725,,,
314_Dan_Hurley,P5,75.26881720430107,84.94623655913979,89.24731182795699,94.6236559139785,97.84946236559139,,,
315_Luke_Yaklich,Other,31.070496083550914,81.20104438642298,77.720207253886,81.34715025906736,91.96891191709845,46.47519582245431,88.86010362694302,92.48704663212435
316_Keith_Richard,Other,72.97650130548303,46.47519582245431,36.01036269430052,40.67357512953368,41.45077720207254,53.26370757180157,43.26424870466321,49.740932642487046
317_Jim_Ferry,Other,31.070496083550914,33.420365535248045,38.34196891191709,46.1139896373057,47.92746113989637,24.54308093994778,50.51813471502591,74.35233160621762
318_Pat_Duquette,Other,88.77284595300262,34.9869451697128,64.24870466321244,67.35751295336787,9.32642487046632,21.671018276762403,40.67357512953368,46.373056994818654
319_Mike_Morrell,Other,31.070496083550914,45.43080939947781,75.90673575129534,66.32124352331607,37.82383419689119,65.0130548302872,17.616580310880828,9.844559585492227
31_Jared_Grasso,Other,31.070496083550914,18.79895561357702,72.02072538860104,43.005181347150256,31.34715025906736,14.75195822454308,62.43523316062176,41.968911917098445
31_Phil_Martelli_Jr.,Other,88.25065274151436,10.966057441253264,63.47150259067358,62.69430051813472,8.031088082901555,76.76240208877284,18.911917098445596,0.5181347150259068
320_Mike_Jones,Other,89.29503916449086,30.809399477806785,46.63212435233161,49.22279792746114,56.73575129533679,77.28459530026109,39.119170984455955,44.30051813471503
321_Takayo_Siddle,Other,72.97650130548303,56.39686684073107,50.0,53.626943005181346,52.07253886010362,27.154046997389038,34.4559585492228,34.97409326424871
322_Kevin_Kruger,Other,31.070496083550914,89.55613577023499,65.28497409326425,2.072538860103627,63.98963730569949,59.530026109660575,53.10880829015544,59.58549222797927
324_Greg_Young,Other,31.070496083550914,83.28981723237598,14.766839378238341,29.274611398963728,93.78238341968913,65.53524804177546,2.33160621761658,10.621761658031089
324_KT_Turner,Other,87.59791122715404,77.02349869451697,65.5440414507772,70.72538860103627,40.67357512953368,87.72845953002611,31.606217616580313,8.808290155440414
325_Ryan_Ridder,Other,31.070496083550914,82.24543080939948,66.83937823834198,68.9119170984456,89.89637305699482,41.514360313315926,77.720207253886,74.09326424870466
326_Matt_Figger,Other,84.07310704960835,93.73368146214099,51.29533678756477,36.01036269430052,89.11917098445595,61.096605744125334,28.497409326424872,34.715025906735754
327_Joe_Golding,Other,64.3603133159269,74.93472584856397,68.39378238341969,72.7979274611399,83.41968911917098,49.869451697127936,86.01036269430051,87.8238341968912
328_Steve_Henson,Other,31.070496083550914,89.29503916449086,48.18652849740933,55.44041450777202,67.61658031088082,59.7911227154047,60.10362694300518,77.97927461139896
329_Danny_Sprinkle,Other,95.30026109660574,22.45430809399478,100.0,100.0,10.362694300518134,94.7780678851175,72.7979274611399,61.398963730569946
329_Ryan_Odom,Other,31.070496083550914,3.1331592689295036,96.37305699481865,97.15025906735751,69.94818652849742,27.415143603133156,62.95336787564767,55.69948186528497
32_John_Griffin_III,Other,31.070496083550914,7.5718015665796345,7.383419689119171,21.761658031088082,16.06217616580311,16.971279373368144,78.49740932642487,92.2279792746114
32_Nathan_Davis,Other,31.070496083550914,2.8720626631853787,25.906735751295333,9.067357512953368,62.17616580310881,18.79895561357702,88.08290155440415,94.55958549222798
330_Jon_Judkins,Other,86.94516971279373,91.12271540469973,49.22279792746114,44.04145077720207,96.11398963730569,59.268929503916446,73.57512953367875,71.50259067357513
332_Mark_Madsen,Other,87.98955613577023,40.73107049608355,91.96891191709845,93.78238341968913,43.523316062176164,59.00783289817232,90.15544041450777,90.15544041450777
332_Todd_Phillips,Other,31.070496083550914,69.9738903394256,31.865284974093267,6.217616580310881,26.165803108808287,69.45169712793734,32.90155440414508,33.93782383419689
333_Mike_Rhoades,Other,31.070496083550914,96.60574412532638,81.0880829015544,83.41968911917098,27.461139896373055,53.00261096605744,99.48186528497409,99.74093264248705
333_Ryan_Odom,Other,31.070496083550914,58.22454308093995,86.52849740932642,83.93782383419689,35.49222797927461,92.16710182767625,93.78238341968913,54.40414507772021
334_Andrew_Wilson,Other,31.070496083550914,92.42819843342036,23.963730569948186,37.17616580310881,90.41450777202073,49.60835509138381,54.66321243523316,81.60621761658031
334_Dan_Earl,Other,31.070496083550914,67.88511749347258,90.93264248704664,92.74611398963731,71.76165803108809,12.793733681462141,86.26943005181347,78.23834196891191
335_Matt_Lottich,Other,31.070496083550914,46.73629242819843,88.86010362694302,88.08290155440415,89.63730569948186,68.40731070496084,85.49222797927462,36.52849740932643
335_Roger_Powell_Jr.,Other,83.28981723237598,98.43342036553526,7.383419689119171,21.761658031088082,19.170984455958546,85.11749347258485,9.585492227979273,28.497409326424872
336_Jerry_Stackhouse,P5,18.27956989247312,10.752688172043012,41.935483870967744,33.33333333333333,5.376344086021501,,,
337_John_Becker,Other,70.75718015665797,48.825065274151434,69.43005181347151,74.35233160621762,8.808290155440414,1.3054830287206265,38.082901554404145,42.487046632124354
338_Jay_Wright,P5,40.86021505376344,61.29032258064516,100.0,100.0,96.7741935483871,,,
338_Kyle_Neptune,P5,96.7741935483871,68.81720430107528,67.74193548387096,3.225806451612903,20.430107526881724,,,
339_Tony_Bennett,P5,27.956989247311824,66.66666666666667,60.215053763440864,56.98924731182796,90.32258064516128,,,
33_George_Halcovage_III,Other,31.070496083550914,93.99477806788512,62.95336787564767,69.94818652849742,62.43523316062176,22.193211488250654,29.792746113989637,5.4404145077720205
33_Jim_Whitesell,Other,78.72062663185379,78.85117493472585,84.4559585492228,83.67875647668393,82.64248704663213,62.40208877284596,89.11917098445595,87.04663212435233
340_Mike_Young,P5,32.25806451612903,65.59139784946237,79.56989247311827,67.74193548387096,72.04301075268818,,,
341_Bashir_Mason,Other,80.15665796344648,16.187989556135772,78.75647668393782,81.60621761658031,5.699481865284974,87.20626631853786,80.56994818652849,34.4559585492228
341_Donald_Copeland,Other,31.070496083550914,76.50130548302873,33.41968911917099,43.26424870466321,25.38860103626943,62.92428198433421,11.398963730569948,31.088082901554404
342_Steve_Forbes,P5,62.365591397849464,47.31182795698925,93.54838709677419,96.7741935483871,36.55913978494624,,,
345_Eric_Duft,Other,31.070496083550914,20.10443864229765,57.2538860103627,61.6580310880829,54.40414507772021,55.09138381201044,30.82901554404145,32.90155440414508
345_Randy_Rahe,Other,31.070496083550914,18.5378590078329,74.09326424870466,75.64766839378238,5.4404145077720205,10.704960835509137,28.238341968911918,25.129533678756477
347_Bob_Huggins,P5,22.043010752688172,51.61290322580645,16.129032258064516,22.58064516129032,48.38709677419355,,,
347_Josh_Eilert,P5,29.56989247311828,8.602150537634412,1.0752688172043012,2.1505376344086025,7.5268817204301115,,,
348_Justin_Gray,Other,31.070496083550914,29.50391644908616,57.51295336787565,58.03108808290155,63.730569948186535,34.20365535248042,67.87564766839378,80.82901554404145
349_Chad_Boudreau,Other,73.89033942558747,74.41253263707573,27.33160621761658,39.37823834196891,50.51813471502591,35.50913838120104,17.098445595854923,33.67875647668394
349_Rob_Jeter,Other,31.070496083550914,69.45169712793734,56.476683937823836,61.398963730569946,51.554404145077726,42.03655352480418,63.98963730569949,58.2901554404145
34_LaVall_Jordan,P5,68.81720430107528,33.333333333333336,4.301075268817205,9.67741935483871,2.1505376344086002,,,
34_Thad_Matta,P5,9.13978494623656,36.55913978494624,34.40860215053764,59.13978494623656,39.784946236559136,,,
350_Rick_Stansbury,Other,88.77284595300262,16.449086161879894,52.59067357512953,0.5181347150259068,44.81865284974093,45.16971279373368,68.65284974093264,60.362694300518136
350_Steve_Lutz,Other,85.90078328981723,40.2088772845953,44.559585492227974,5.4404145077720205,21.243523316062177,90.86161879895562,33.41968911917099,56.994818652849744
351_Clayton_Bates,Other,31.070496083550914,62.40208877284596,31.865284974093267,42.2279792746114,83.16062176165802,1.5665796344647518,3.6269430051813467,6.217616580310881
351_Dwayne_Stephens,Other,31.070496083550914,88.25065274151436,19.94818652849741,10.751295336787564,94.04145077720207,54.04699738903395,38.60103626943005,40.67357512953368
352_Isaac_Brown,Other,31.070496083550914,99.73890339425587,85.75129533678756,87.8238341968912,97.66839378238342,22.97650130548303,84.71502590673575,63.730569948186535
352_Paul_Mills,Other,31.070496083550914,6.005221932114883,58.80829015544041,63.212435233160626,52.59067357512953,52.48041775456919,66.58031088082902,3.8860103626943006
353_Dane_Fischer,Other,31.070496083550914,57.96344647519582,42.487046632124354,51.554404145077726,79.53367875647669,16.187989556135772,27.202072538860104,40.15544041450777
354_Mark_Prosser,Other,78.72062663185379,23.237597911227155,39.37823834196891,13.989637305699482,77.2020725388601,77.80678851174935,34.97409326424871,31.865284974093267
355_Greg_Gard,P5,61.29032258064516,90.32258064516128,25.806451612903224,32.25806451612903,60.215053763440864,,,
356_Dwight_Perry,Other,31.070496083550914,65.79634464751958,37.82383419689119,41.45077720207254,61.398963730569946,43.34203655352481,75.64766839378238,89.11917098445595
356_Jay_McAuley,Other,31.070496083550914,55.09138381201044,63.730569948186535,58.549222797927456,90.15544041450777,62.66318537859008,94.30051813471503,94.30051813471503
357_Scott_Nagy,Other,91.90600522193212,11.488250652741515,72.279792746114,73.57512953367875,21.761658031088082,60.313315926892955,66.06217616580311,12.694300518134716
358_Jeff_Linder,Other,63.9686684073107,94.7780678851175,62.69430051813472,65.80310880829016,91.70984455958549,68.1462140992167,59.58549222797927,75.64766839378238
359_Sean_Miller_*,P5,37.634408602150536,20.430107526881724,92.47311827956989,92.47311827956989,78.49462365591397,,,
359_Travis_Steele,P5,9.13978494623656,0.0,80.64516129032258,90.32258064516128,50.53763440860215,,,
35_John_Smith,Other,31.070496083550914,30.548302872062667,31.34715025906736,40.41450777202073,87.30569948186529,25.848563968668408,32.64248704663213,53.10880829015544
360_James_Jones,Other,65.79634464751958,8.355091383812011,51.554404145077726,56.476683937823836,9.585492227979273,34.9869451697128,77.46113989637306,88.08290155440415
361_Jerrod_Calhoun,Other,72.97650130548303,36.81462140992167,75.64766839378238,79.79274611398964,31.088082901554404,67.1018276762402,26.42487046632124,3.6269430051813467
362_Grant_Leonard,Other,31.070496083550914,15.66579634464752,38.082901554404145,47.40932642487047,1.8134715025906734,84.59530026109661,89.37823834196891,77.720207253886
363_John_Gallagher,Other,31.070496083550914,0.5221932114882507,36.52849740932643,44.30051813471503,0.5181347150259068,38.1201044386423,52.59067357512953,50.51813471502591
364_Glenn_Braica,Other,31.070496083550914,0.5221932114882507,7.383419689119171,21.761658031088082,0.5181347150259068,46.99738903394256,37.56476683937824,65.5440414507772
365_Stan_Gouard,Other,31.070496083550914,76.76240208877284,26.42487046632124,38.34196891191709,37.56476683937824,69.71279373368147,26.94300518134715,55.44041450777202
366_Kyle_Gerdeman,Other,31.070496083550914,77.28459530026109,48.96373056994819,57.2538860103627,59.84455958549223,36.81462140992167,43.005181347150256,44.04145077720207
36_Rod_Barnes,Other,31.070496083550914,47.51958224543081,21.243523316062177,35.233160621761655,45.854922279792746,12.27154046997389,17.875647668393782,39.89637305699482
37_Dedrique_Taylor,Other,31.070496083550914,35.77023498694517,61.917098445595855,68.65284974093264,36.52849740932643,77.02349869451697,73.05699481865285,83.93782383419689
38_Andy_Newman,Other,31.070496083550914,26.370757180156655,45.59585492227979,53.8860103626943,16.580310880829018,73.36814621409921,54.145077720207254,72.279792746114
38_Trent_Johnson,Other,31.070496083550914,15.404699738903393,28.367875647668395,21.761658031088082,69.43005181347151,32.637075718015666,24.61139896373057,47.66839378238342
39_Rick_Croy,Other,31.070496083550914,84.33420365535248,46.373056994818654,51.29533678756477,34.97409326424871,64.22976501305483,30.310880829015545,5.181347150259067
3_John_Groce,Other,83.81201044386422,14.621409921671018,98.18652849740933,95.33678756476684,53.8860103626943,38.90339425587467,56.21761658031088,11.658031088082902
41_Kevin_McGeehan,Other,90.86161879895562,40.992167101827675,77.46113989637306,80.05181347150258,33.160621761658035,87.98955613577023,49.740932642487046,54.92227979274611
42_Reggie_Witherspoon,Other,31.070496083550914,74.1514360313316,7.383419689119171,21.761658031088082,95.07772020725389,63.9686684073107,17.357512953367877,37.82383419689119
43_Anthony_Boone,Other,31.070496083550914,48.04177545691906,36.26943005181347,46.63212435233161,48.704663212435236,77.54569190600522,21.502590673575128,35.233160621761655
44_Patrick_Sellers,Other,86.68407310704961,46.21409921671018,7.383419689119171,9.32642487046632,88.86010362694302,83.5509138381201,25.38860103626943,30.82901554404145
45_Tony_Barbee,Other,63.577023498694516,86.94516971279373,41.968911917098445,38.860103626943,90.93264248704664,67.36292428198433,25.906735751295333,41.19170984455959
46_Pat_Kelsey,Other,83.02872062663185,70.49608355091384,22.020725388601036,6.7357512953367875,29.015544041450774,76.2402088772846,74.35233160621762,79.53367875647669
47_Barclay_Radebaugh_*,Other,31.070496083550914,61.096605744125334,27.72020725388601,39.89637305699482,31.606217616580313,28.720626631853786,36.787564766839374,63.98963730569949
48_Aaron_Fearne,Other,97.65013054830287,42.03655352480418,80.56994818652849,73.31606217616581,68.65284974093264,100.0,97.40932642487047,95.33678756476684
48_Ron_Sanchez,Other,31.070496083550914,43.60313315926893,95.59585492227978,96.89119170984456,53.626943005181346,72.84595300261097,90.67357512953367,89.37823834196891
49_Dan_Earl,Other,72.97650130548303,79.11227154046998,82.38341968911918,3.3678756476683938,27.202072538860104,19.321148825065272,53.8860103626943,32.12435233160622
49_Lamont_Paris,Other,31.070496083550914,26.89295039164491,85.23316062176166,86.78756476683938,16.83937823834197,5.091383812010443,25.647668393782386,1.8134715025906734
4_Dylan_Howard,Other,31.070496083550914,2.3498694516971277,7.383419689119171,8.290155440414509,3.6269430051813467,2.219321148825065,21.243523316062177,47.15025906735752
4_Otis_Hughley_Jr.,Other,31.070496083550914,27.415143603133156,7.383419689119171,21.761658031088082,25.906735751295333,28.459530026109658,10.103626943005182,28.756476683937827
50_Gerald_Gillion,Other,31.070496083550914,92.95039164490862,7.383419689119171,21.761658031088082,17.098445595854923,13.054830287206268,0.2590673575129534,18.393782383419687
51_Wes_Miller,Other,31.070496083550914,95.56135770234987,91.19170984455958,92.48704663212435,82.90155440414507,99.73890339425587,98.44559585492227,97.92746113989638
51_Wes_Miller,P5,48.38709677419355,17.204301075268813,51.61290322580645,65.59139784946237,33.333333333333336,,,
52_Brad_Brownell,P5,31.182795698924732,80.64516129032258,76.34408602150538,81.72043010752688,87.09677419354838,,,
53_Daniyal_Robinson,Other,31.070496083550914,53.52480417754569,83.41968911917098,79.27461139896373,36.26943005181347,65.27415143603133,11.658031088082902,3.3678756476683938
53_Dennis_Gates,Other,31.070496083550914,22.97650130548303,40.15544041450777,46.89119170984456,39.119170984455955,99.21671018276761,94.55958549222798,93.26424870466322
54_Cliff_Ellis,Other,81.20104438642298,24.281984334203656,90.67357512953367,91.96891191709845,17.875647668393782,93.21148825065274,65.28497409326425,43.005181347150256
55_Matt_Langel,Other,31.070496083550914,2.610966057441253,46.1139896373057,12.953367875647666,2.849740932642487,50.13054830287206,35.751295336787564,41.70984455958549
57_Niko_Medved,Other,98.69451697127938,71.27937336814621,97.15025906735751,91.45077720207254,78.23834196891191,81.72323759791122,79.27461139896373,52.331606217616574
58_Jim_Engles,Other,63.577023498694516,64.22976501305483,15.67357512953368,21.761658031088082,40.932642487046635,21.93211488250653,27.72020725388601,50.0
59_Juan_Dixon,Other,31.070496083550914,61.61879895561357,32.38341968911917,5.181347150259067,34.4559585492228,8.355091383812011,7.512953367875648,25.647668393782386
59_Larry_Stewart,Other,31.070496083550914,39.686684073107045,7.383419689119171,21.761658031088082,19.4300518134715,3.3942558746736298,2.849740932642487,18.134715025906736
5_Nate_Oats,P5,95.6989247311828,58.06451612903225,61.29032258064516,35.483870967741936,49.46236559139785,,,
60_Brian_Earl,Other,63.18537859007834,52.74151436031331,34.196891191709845,36.65803108808291,37.30569948186528,28.198433420365536,39.637305699481864,57.51295336787565
61_Greg_McDermott,P5,74.19354838709677,63.44086021505376,94.6236559139785,82.79569892473118,95.6989247311828,,,
62_David_McLaughlin,Other,72.19321148825065,57.702349869451695,43.26424870466321,50.0,74.35233160621762,9.138381201044385,8.808290155440414,20.984455958549223
63_Bob_McKillop,Other,31.070496083550914,8.093994778067886,96.89119170984456,98.18652849740933,12.176165803108809,15.926892950391643,95.85492227979275,97.66839378238342
63_Matt_McKillop,Other,31.070496083550914,66.84073107049609,75.12953367875647,77.97927461139896,79.01554404145078,63.18537859007834,96.37305699481865,93.00518134715026
64_Anthony_Grant,Other,96.08355091383812,41.77545691906005,98.96373056994818,97.92746113989638,18.65284974093264,66.31853785900783,79.53367875647669,62.43523316062176
65_Tony_Stubblefield,P5,66.66666666666666,9.677419354838712,17.20430107526882,24.731182795698924,3.2258064516129004,,,
66_Martin_Ingelsby,Other,31.070496083550914,15.926892950391643,60.10362694300518,64.50777202072538,22.020725388601036,44.64751958224543,72.53886010362694,67.87564766839378
67_Stan_Waterman,Other,31.070496083550914,20.365535248041773,16.06217616580311,30.82901554404145,27.72020725388601,45.95300261096606,24.093264248704664,49.22279792746114
68_Jeff_Wulbrun,Other,31.070496083550914,50.13054830287206,37.04663212435233,45.33678756476684,54.92227979274611,81.20104438642298,30.569948186528496,36.26943005181347
69_Mike_Davis,Other,31.070496083550914,10.182767624020887,29.274611398963728,12.176165803108809,36.01036269430052,7.5718015665796345,24.870466321243523,47.40932642487047
6_Mo_Williams,Other,31.070496083550914,75.45691906005221,7.383419689119171,21.761658031088082,69.68911917098445,23.49869451697128,3.3678756476683938,21.502590673575128
6_Tony_Madlock,Other,31.070496083550914,33.68146214099217,34.58549222797927,35.62176165803109,86.01036269430051,8.616187989556137,13.21243523316062,29.792746113989637
70_Darian_DeVries,Other,98.43342036553526,33.15926892950392,95.85492227979275,88.86010362694302,48.18652849740933,97.38903394255874,83.16062176165802,10.880829015544041
71_Zach_Spiker,Other,31.070496083550914,23.49869451697128,36.787564766839374,38.60103626943005,30.310880829015545,48.56396866840731,52.84974093264248,52.07253886010362
72_Jon_Scheyer,P5,97.84946236559139,92.47311827956989,81.72043010752688,34.40860215053764,66.66666666666667,,,
72_Mike_Krzyzewski,P5,100.0,97.84946236559139,97.84946236559139,97.84946236559139,98.9247311827957,,,
73_Keith_Dambrot,Other,31.070496083550914,99.21671018276761,73.83419689119171,1.5544041450777202,91.19170984455958,95.30026109660574,50.259067357512954,1.0362694300518136
74_Joe_Dooley,Other,31.070496083550914,99.47780678851174,75.38860103626943,78.75647668393782,100.0,34.46475195822455,87.30569948186529,93.78238341968913
74_Michael_Schwartz,Other,31.070496083550914,82.50652741514361,88.3419689119171,88.60103626943005,96.89119170984456,35.24804177545692,98.96373056994818,99.22279792746113
75_Brooks_Savage,Other,31.070496083550914,67.36292428198433,48.704663212435236,56.994818652849744,51.29533678756477,73.89033942558747,37.30569948186528,56.73575129533679
75_Desmond_Oliver,Other,31.070496083550914,25.848563968668408,30.82901554404145,41.70984455958549,99.22279792746113,25.587467362924283,60.880829015544045,58.80829015544041
76_Jaret_von_Rosenberg,Other,65.0130548302872,30.026109660574413,7.383419689119171,21.761658031088082,97.15025906735751,71.54046997389034,56.73575129533679,81.34715025906736
77_Marty_Simmons,Other,62.92428198433421,88.77284595300262,7.383419689119171,21.761658031088082,60.62176165803109,66.84073107049609,9.067357512953368,27.72020725388601
78_A.W._Hamilton,Other,78.72062663185379,56.13577023498695,38.860103626943,7.772020725388601,40.41450777202073,24.281984334203656,41.70984455958549,41.45077720207254
79_Stan_Heath,Other,31.070496083550914,50.91383812010444,90.41450777202073,91.70984455958549,70.20725388601036,50.391644908616186,41.968911917098445,63.47150259067358
7_Landon_Bussie,Other,31.070496083550914,13.838120104438643,19.4300518134715,34.196891191709845,14.507772020725387,6.527415143603134,5.958549222797927,23.57512953367876
80_David_Riley,Other,31.070496083550914,75.97911227154047,67.61658031088082,70.46632124352331,73.05699481865285,79.11227154046998,79.01554404145078,67.09844559585493
81_Billy_Taylor,Other,84.85639686684074,66.0574412532637,7.383419689119171,21.761658031088082,83.67875647668393,61.8798955613577,15.025906735751295,34.196891191709845
81_Mike_Schrage,Other,31.070496083550914,73.89033942558747,7.383419689119171,21.761658031088082,76.68393782383419,5.091383812010443,18.65284974093264,10.103626943005182
82_David_Ragland,Other,91.38381201044386,71.80156657963447,30.310880829015545,33.67875647668394,95.33678756476684,95.03916449086162,47.15025906735752,69.43005181347151
82_Todd_Lickliter,Other,31.070496083550914,91.38381201044386,7.383419689119171,11.139896373056994,92.74611398963731,17.75456919060052,19.689119170984455,0.2590673575129534
83_Chris_Casey,Other,31.070496083550914,59.7911227154047,56.73575129533679,62.95336787564767,92.48704663212435,45.43080939947781,80.05181347150258,91.19170984455958
83_Jay_Young,Other,31.070496083550914,38.90339425587467,7.383419689119171,21.761658031088082,90.67357512953367,33.420365535248045,46.63212435233161,53.36787564766839
84_Greg_Herenda,Other,31.070496083550914,19.321148825065272,7.383419689119171,21.761658031088082,28.497409326424872,7.049608355091384,5.4404145077720205,4.145077720207254
84_Jack_Castleberry,Other,31.070496083550914,73.10704960835508,39.637305699481864,49.740932642487046,61.6580310880829,12.532637075718014,81.34715025906736,54.145077720207254
84_Tobin_Anderson,Other,31.070496083550914,75.19582245430809,7.383419689119171,21.761658031088082,74.61139896373057,79.37336814621409,68.39378238341969,89.89637305699482
85_Robert_McCullum,Other,31.070496083550914,38.642297650130544,35.751295336787564,45.59585492227979,21.502590673575128,9.921671018276761,15.544041450777202,38.082901554404145
86_Dusty_May,Other,31.070496083550914,61.8798955613577,95.07772020725389,92.2279792746114,52.84974093264248,33.94255874673629,87.04663212435233,76.16580310880829
87_Michael_White,P5,9.13978494623656,30.107526881720425,59.13978494623656,64.51612903225806,54.83870967741935,,,
87_Todd_Golden,P5,80.64516129032258,21.505376344086024,39.784946236559136,20.43010752688172,62.365591397849464,,,
88_Michael_Fly,Other,31.070496083550914,9.921671018276761,28.367875647668395,2.5906735751295336,67.87564766839378,20.365535248041773,13.730569948186528,17.616580310880828
88_Patrick_Chambers,Other,31.070496083550914,85.11749347258485,40.41450777202073,47.15025906735752,53.36787564766839,0.5221932114882507,26.683937823834196,14.248704663212436
89_Jeremy_Ballard,Other,31.070496083550914,87.98955613577023,35.233160621761655,43.523316062176164,89.37823834196891,71.27937336814621,55.95854922279793,60.62176165803109
8_Duane_Simpkins,Other,31.070496083550914,8.616187989556137,50.77720207253886,6.994818652849741,46.89119170984456,11.488250652741515,61.13989637305699,64.50777202072538
8_Mike_Brennan,Other,31.070496083550914,18.27676240208877,43.78238341968912,50.259067357512954,9.844559585492227,34.72584856396867,18.134715025906736,37.30569948186528
90_Leonard_Hamilton_*,P5,56.98924731182796,43.01075268817204,19.35483870967742,36.55913978494624,16.129032258064512,,,
91_Keith_Urgo,Other,31.070496083550914,90.33942558746736,79.53367875647669,82.90155440414507,57.2538860103627,40.2088772845953,16.580310880829018,7.512953367875648
91_Kyle_Neptune,Other,31.070496083550914,83.02872062663185,62.17616580310881,65.28497409326425,98.18652849740933,55.35248041775457,73.83419689119171,85.49222797927462
92_Justin_Hutson,Other,31.070496083550914,37.59791122715404,74.35233160621762,75.12953367875647,74.87046632124353,96.60574412532638,36.01036269430052,9.067357512953368
93_Bob_Richey,Other,78.72062663185379,47.25848563968668,93.78238341968913,94.55958549222798,48.44559585492228,35.77023498694517,85.23316062176166,61.6580310880829
94_Tim_Craft,Other,31.070496083550914,3.91644908616188,42.74611398963731,48.704663212435236,15.544041450777202,19.06005221932115,76.42487046632125,84.4559585492228
95_Kim_English,Other,92.95039164490862,79.63446475195822,82.12435233160622,75.38860103626943,83.93782383419689,85.90078328981723,90.93264248704664,71.24352331606218
95_Tony_Skinn,Other,80.54830287206266,14.882506527415144,84.19689119170984,87.04663212435233,79.27461139896373,51.43603133159269,84.97409326424871,73.57512953367875
96_Chris_Caputo,Other,98.17232375979113,70.23498694516971,39.89637305699482,48.44559585492228,42.74611398963731,95.56135770234987,57.2538860103627,72.02072538860104
96_Jamion_Christian,Other,31.070496083550914,9.660574412532636,40.67357512953368,11.917098445595855,87.8238341968912,46.21409921671018,16.06217616580311,20.207253886010363
97_Ed_Cooley,P5,35.483870967741936,86.02150537634408,2.1505376344086025,11.827956989247312,6.451612903225811,,,
97_Patrick_Ewing,P5,54.83870967741935,7.5268817204301115,5.376344086021505,15.053763440860216,4.3010752688172005,,,
98_Michael_White,P5,64.51612903225806,35.483870967741936,9.67741935483871,12.903225806451612,9.677419354838712,,,
98_Tom_Crean,P5,41.935483870967744,1.0752688172043001,3.225806451612903,13.978494623655912,0.0,,,
99_Brian_Burg,Other,80.93994778067885,71.54046997389034,84.71502590673575,87.30569948186529,93.52331606217616,53.52480417754569,90.41450777202073,90.93264248704664
99_Charlie_Henry,Other,31.070496083550914,91.64490861618799,66.32124352331607,71.76165803108809,65.02590673575129,60.574412532637076,22.53886010362694,32.38341968911917
9_Dustin_Kerns,Other,95.822454308094,48.30287206266319,81.86528497409327,81.0880829015544,29.533678756476682,92.42819843342036,61.917098445595855,26.683937823834196
